,idx,n_planned,n_actual,runtime,total_comparisons,accuracy,avg_euclid_payment,std_euclid_payment,avg_semantic_payment,std_semantic_payment,semantic_euclid_payment_corr,total_remainder_fee,avg_remainder_fee,n_withdrawls
0,1,100,20000,33.84303777000059,10400,0.9912,751.7189965016976,178.8215871690251,870.0050534511348,29.92891936072029,-0.21112094194330067,474.5786868217547,31.638579121450313,15
1,2,100,30000,42.993851776000156,20877,0.99275,752.1283013580988,172.97681514354812,872.0570352710602,29.410780268325645,-0.21458253766263138,649.8831993222348,21.66277331074116,30
2,3,100,40000,57.2374531610003,32586,0.9895333333333334,686.3513069761974,155.77175290120073,870.4948359020119,29.547098131613293,-0.23196739972800756,1208.5699326274976,29.47731542993896,41
